,SCS,HOG,AAPL,MSFT,GOOG,AMZN,WWW,SPTN,TSLA,PLUG,ARRY,COMP,AMGN,IBM,CAT,MMM,XOM,ABBV
2022-12-16 12:15:02.105598, 6.57, 45.01, 136.30, 247.43, 90.57, 87.90, 10.74, 30.01, 157.67, 14.34, 21.87, 2.5900, 263.62, 142.03, 227.85, 121.69, 103.90, 161.67, 
2022-12-16 13:15:01.808243, 6.57, 45.01, 136.47, 247.50, 90.84, 88.06, 10.74, 30.91, 158.57, 14.40, 21.70, 2.5000, 266.14, 142.25, 228.38, 121.64, 103.70, 161.50, 
2022-12-16 14:15:02.216803, 6.58, 44.39, 136.18, 247.00, 90.50, 87.72, 10.75, 30.91, 158.70, 14.35, 21.71, 2.5100, 262.57, 141.24, 227.27, 121.45, 103.55, 161.99, 
2022-12-16 15:15:01.734517, 6.63, 44.47, 135.45, 246.92, 90.83, 88.04, 10.47, 30.13, 153.62, 14.06, 21.72, 2.5900, 266.11, 140.00, 229.50, 120.75, 103.89, 162.26, 
2022-12-16 16:15:01.487286, 6.63, 44.58, 135.01, 245.30, 90.65, 87.57, 10.44, 30.49, 151.48, 13.83, 21.34, 2.5400, 266.45, 139.92, 231.55, 121.55, 104.15, 161.74, 
2022-12-16 17:15:02.215940, 6.61, 44.35, 134.59, 243.80, 90.19, 87.05, 10.22, 30.56, 150.69, 13.78, 21.43, 2.5550, 266.93, 139.23, 230.41, 120.66, 104.14, 161.62, 
2022-12-16 18:15:01.815123, 6.56, 44.35, 134.20, 244.01, 90.36, 87.34, 10.30, 30.53, 151.17, 13.90, 21.64, 2.6250, 266.00, 139.30, 230.83, 120.14, 104.41, 161.85, 
2022-12-16 19:15:02.005992, 6.58, 44.40, 134.41, 244.90, 90.68, 87.42, 10.24, 30.60, 151.44, 13.97, 21.61, 2.6450, 265.99, 139.43, 232.40, 121.08, 104.42, 161.60, 
2022-12-16 20:15:02.082354, 6.54, 44.41, 134.73, 245.72, 90.75, 87.21, 10.19, 30.79, 150.76, 13.96, 21.81, 2.6150, 266.99, 139.93, 232.25, 121.07, 105.17, 162.35, 
2022-12-16 21:15:01.649279, 6.60, 44.46, 134.35, 244.69, 90.67, 87.73, 10.23, 30.68, 149.96, 14.02, 21.70, 2.6700, 267.41, 140.16, 232.72, 121.69, 105.00, 160.48, 
2022-12-16 22:15:02.045752, 6.80, 44.46, 134.31, 244.92, 90.67, 87.69, 10.23, 30.68, 150.05, 14.03, 21.80, 2.7090, 278.65, 139.88, 227.29, 125.76, 105.02, 163.06, 
2022-12-16 23:15:02.000675, 6.85, 44.46, 134.51, 245.10, 90.83, 87.70, 9.92, 30.68, 149.40, 14.00, 21.80, 2.6000, 267.41, 140.16, 232.71, 121.25, 105.00, 160.45, 
2022-12-17 00:15:01.683268, 6.85, 44.50, 134.46, 245.07, 90.76, 87.64, 9.92, 30.68, 149.17, 14.00, 21.80, 2.7200, 265.76, 140.06, 232.71, 121.40, 105.10, 160.70, 
2022-12-17 01:15:01.702427, 6.85, 44.50, 134.44, 245.25, 90.79, 87.53, 10.76, 30.68, 149.08, 14.04, 21.80, 2.7200, 267.77, 140.28, 232.60, 121.66, 104.95, 160.90, 
2022-12-17 02:15:01.536580, 6.85, 44.50, 134.44, 245.29, 90.79, 87.53, 10.76, 30.68, 149.08, 14.04, 21.80, 2.7200, 267.77, 140.28, 232.60, 121.66, 104.95, 160.90, 
2022-12-17 03:15:02.151862, 6.85, 44.50, 134.44, 245.29, 90.79, 87.53, 10.76, 30.68, 149.08, 14.04, 21.80, 2.7200, 267.77, 140.28, 232.60, 121.66, 104.95, 160.90, 
2022-12-17 04:15:02.842637, 6.85, 44.50, 134.44, 245.29, 90.79, 87.53, 10.76, 30.68, 149.08, 14.04, 21.80, 2.7200, 267.77, 140.28, 232.60, 121.66, 104.95, 160.90, 
2022-12-17 05:15:02.123928, 6.85, 44.50, 134.44, 245.29, 90.79, 87.53, 10.76, 30.68, 149.08, 14.04, 21.80, 2.7200, 267.77, 140.28, 232.60, 121.66, 104.95, 160.90, 
2022-12-17 06:15:01.641419, 6.85, 44.50, 134.44, 245.29, 90.79, 87.53, 10.76, 30.68, 149.08, 14.04, 21.80, 2.7200, 267.77, 140.28, 232.60, 121.66, 104.95, 160.90, 
2022-12-17 07:15:02.028079, 6.85, 44.50, 134.44, 245.29, 90.79, 87.53, 10.76, 30.68, 149.08, 14.04, 21.80, 2.7200, 267.77, 140.28, 232.60, 121.66, 104.95, 160.90, 
2022-12-17 08:15:02.047410, 6.85, 44.50, 134.44, 245.29, 90.79, 87.53, 10.76, 30.68, 149.08, 14.04, 21.80, 2.7200, 267.77, 140.28, 232.60, 121.66, 104.95, 160.90, 
2022-12-17 09:15:01.678328, 6.85, 44.50, 134.44, 245.29, 90.79, 87.53, 10.76, 30.68, 149.08, 14.04, 21.80, 2.7200, 267.77, 140.28, 232.60, 121.66, 104.95, 160.90, 
2022-12-17 10:15:01.828429, 6.85, 44.50, 134.44, 245.29, 90.79, 87.53, 10.76, 30.68, 149.08, 14.04, 21.80, 2.7200, 267.77, 140.28, 232.60, 121.66, 104.95, 160.90, 
2022-12-17 11:15:01.499066, 6.85, 44.50, 134.44, 245.29, 90.79, 87.53, 10.76, 30.68, 149.08, 14.04, 21.80, 2.7200, 267.77, 140.28, 232.60, 121.66, 104.95, 160.90, 
2022-12-17 12:15:02.027117, 6.85, 44.50, 134.44, 245.29, 90.79, 87.53, 10.76, 30.68, 149.08, 14.04, 21.80, 2.7200, 267.77, 140.28, 232.60, 121.66, 104.95, 160.90, 
2022-12-17 13:15:02.190536, 6.85, 44.50, 134.44, 245.29, 90.79, 87.53, 10.76, 30.68, 149.08, 14.04, 21.80, 2.7200, 267.77, 140.28, 232.60, 121.66, 104.95, 160.90, 
2022-12-17 14:15:01.421151, 6.85, 44.50, 134.44, 245.29, 90.79, 87.53, 10.76, 30.68, 149.08, 14.04, 21.80, 2.7200, 267.77, 140.28, 232.60, 121.66, 104.95, 160.90, 
2022-12-17 15:15:01.446867, 6.85, 44.50, 134.44, 245.29, 90.79, 87.53, 10.76, 30.68, 149.08, 14.04, 21.80, 2.7200, 267.77, 140.28, 232.60, 121.66, 104.95, 160.90, 
2022-12-17 16:15:01.260887, 6.85, 44.50, 134.44, 245.29, 90.79, 87.53, 10.76, 30.68, 149.08, 14.04, 21.80, 2.7200, 267.77, 140.28, 232.60, 121.66, 104.95, 160.90, 
2022-12-17 17:15:01.502531, 6.85, 44.50, 134.44, 245.29, 90.79, 87.53, 10.76, 30.68, 149.08, 14.04, 21.80, 2.7200, 267.77, 140.28, 232.60, 121.66, 104.95, 160.90, 
2022-12-17 18:15:02.158533, 6.85, 44.50, 134.44, 245.29, 90.79, 87.53, 10.76, 30.68, 149.08, 14.04, 21.80, 2.7200, 267.77, 140.28, 232.60, 121.66, 104.95, 160.90, 
2022-12-17 19:15:02.003182, 6.85, 44.50, 134.44, 245.29, 90.79, 87.53, 10.76, 30.68, 149.08, 14.04, 21.80, 2.7200, 267.77, 140.28, 232.60, 121.66, 104.95, 160.90, 
2022-12-17 20:15:01.847355, 6.85, 44.50, 134.44, 245.29, 90.79, 87.53, 10.76, 30.68, 149.08, 14.04, 21.80, 2.7200, 267.77, 140.28, 232.60, 121.66, 104.95, 160.90, 
2022-12-17 21:15:01.774917, 6.85, 44.50, 134.44, 245.29, 90.79, 87.53, 10.76, 30.68, 149.08, 14.04, 21.80, 2.7200, 267.77, 140.28, 232.60, 121.66, 104.95, 160.90,
2022-12-17 22:15:01.996219, 6.85, 44.50, 134.44, 245.29, 90.79, 87.53, 10.76, 30.68, 149.08, 14.04, 21.80, 2.7200, 267.77, 140.28, 232.60, 121.66, 104.95, 160.90, 
2022-12-17 23:15:02.137590, 6.85, 44.50, 134.44, 245.29, 90.79, 87.53, 10.76, 30.68, 149.08, 14.04, 21.80, 2.7200, 267.77, 140.28, 232.60, 121.66, 104.95, 160.90, 
2022-12-18 00:15:02.627499, 6.85, 44.50, 134.44, 245.29, 90.79, 87.53, 10.76, 30.68, 149.08, 14.04, 21.80, 2.7200, 267.77, 140.28, 232.60, 121.66, 104.95, 160.90, 
2022-12-18 01:15:01.865719, 6.85, 44.50, 134.44, 245.29, 90.79, 87.53, 10.76, 30.68, 149.08, 14.04, 21.80, 2.7200, 267.77, 140.28, 232.60, 121.66, 104.95, 160.90, 
2022-12-18 02:15:02.756409, 6.85, 44.50, 134.44, 245.29, 90.79, 87.53, 10.76, 30.68, 149.08, 14.04, 21.80, 2.7200, 267.77, 140.28, 232.60, 121.66, 104.95, 160.90, 
2022-12-18 03:15:01.710589, 6.85, 44.50, 134.44, 245.29, 90.79, 87.53, 10.76, 30.68, 149.08, 14.04, 21.80, 2.7200, 267.77, 140.28, 232.60, 121.66, 104.95, 160.90, 
2022-12-18 04:15:01.704711, 6.85, 44.50, 134.44, 245.29, 90.79, 87.53, 10.76, 30.68, 149.08, 14.04, 21.80, 2.7200, 267.77, 140.28, 232.60, 121.66, 104.95, 160.90, 
2022-12-18 05:15:01.538881, 6.85, 44.50, 134.44, 245.29, 90.79, 87.53, 10.76, 30.68, 149.08, 14.04, 21.80, 2.7200, 267.77, 140.28, 232.60, 121.66, 104.95, 160.90, 
2022-12-18 06:15:01.890020, 6.85, 44.50, 134.44, 245.29, 90.79, 87.53, 10.76, 30.68, 149.08, 14.04, 21.80, 2.7200, 267.77, 140.28, 232.60, 121.66, 104.95, 160.90, 
2022-12-18 07:15:01.288576, 6.85, 44.50, 134.44, 245.29, 90.79, 87.53, 10.76, 30.68, 149.08, 14.04, 21.80, 2.7200, 267.77, 140.28, 232.60, 121.66, 104.95, 160.90, 
2022-12-18 08:15:01.895593, 6.85, 44.50, 134.44, 245.29, 90.79, 87.53, 10.76, 30.68, 149.08, 14.04, 21.80, 2.7200, 267.77, 140.28, 232.60, 121.66, 104.95, 160.90, 
2022-12-18 09:15:01.846525, 6.85, 44.50, 134.44, 245.29, 90.79, 87.53, 10.76, 30.68, 149.08, 14.04, 21.80, 2.7200, 267.77, 140.28, 232.60, 121.66, 104.95, 160.90, 
2022-12-18 10:15:01.800817, 6.85, 44.50, 134.44, 245.29, 90.79, 87.53, 10.76, 30.68, 149.08, 14.04, 21.80, 2.7200, 267.77, 140.28, 232.60, 121.66, 104.95, 160.90, 
2022-12-18 11:15:01.868478, 6.85, 44.50, 134.44, 245.29, 90.79, 87.53, 10.76, 30.68, 149.08, 14.04, 21.80, 2.7200, 267.77, 140.28, 232.60, 121.66, 104.95, 160.90, 
2022-12-18 12:15:02.072417, 6.85, 44.50, 134.44, 245.29, 90.79, 87.53, 10.76, 30.68, 149.08, 14.04, 21.80, 2.7200, 267.77, 140.28, 232.60, 121.66, 104.95, 160.90, 
2022-12-18 13:15:01.703771, 6.85, 44.50, 134.44, 245.29, 90.79, 87.53, 10.76, 30.68, 149.08, 14.04, 21.80, 2.7200, 267.77, 140.28, 232.60, 121.66, 104.95, 160.90, 
2022-12-18 14:15:02.104114, 6.85, 44.50, 134.44, 245.29, 90.79, 87.53, 10.76, 30.68, 149.08, 14.04, 21.80, 2.7200, 267.77, 140.28, 232.60, 121.66, 104.95, 160.90, 
2022-12-18 15:15:01.628108, 6.85, 44.50, 134.44, 245.29, 90.79, 87.53, 10.76, 30.68, 149.08, 14.04, 21.80, 2.7200, 267.77, 140.28, 232.60, 121.66, 104.95, 160.90, 
2022-12-18 16:15:01.853802, 6.85, 44.50, 134.44, 245.29, 90.79, 87.53, 10.76, 30.68, 149.08, 14.04, 21.80, 2.7200, 267.77, 140.28, 232.60, 121.66, 104.95, 160.90, 
2022-12-18 17:15:01.809323, 6.85, 44.50, 134.44, 245.29, 90.79, 87.53, 10.76, 30.68, 149.08, 14.04, 21.80, 2.7200, 267.77, 140.28, 232.60, 121.66, 104.95, 160.90, 
2022-12-18 18:15:01.727630, 6.85, 44.50, 134.44, 245.29, 90.79, 87.53, 10.76, 30.68, 149.08, 14.04, 21.80, 2.7200, 267.77, 140.28, 232.60, 121.66, 104.95, 160.90, 
2022-12-18 19:15:01.878314, 6.85, 44.50, 134.44, 245.29, 90.79, 87.53, 10.76, 30.68, 149.08, 14.04, 21.80, 2.7200, 267.77, 140.28, 232.60, 121.66, 104.95, 160.90, 
2022-12-18 20:15:01.461516, 6.85, 44.50, 134.44, 245.29, 90.79, 87.53, 10.76, 30.68, 149.08, 14.04, 21.80, 2.7200, 267.77, 140.28, 232.60, 121.66, 104.95, 160.90, 
2022-12-18 21:15:01.700676, 6.85, 44.50, 134.44, 245.29, 90.79, 87.53, 10.76, 30.68, 149.08, 14.04, 21.80, 2.7200, 267.77, 140.28, 232.60, 121.66, 104.95, 160.90, 
2022-12-18 22:15:02.100167, 6.85, 44.50, 134.44, 245.29, 90.79, 87.53, 10.76, 30.68, 149.08, 14.04, 21.80, 2.7200, 267.77, 140.28, 232.60, 121.66, 104.95, 160.90, 
2022-12-18 23:15:02.180844, 6.85, 44.50, 134.44, 245.29, 90.79, 87.53, 10.76, 30.68, 149.08, 14.04, 21.80, 2.7200, 267.77, 140.28, 232.60, 121.66, 104.95, 160.90, 
2022-12-19 00:15:01.591938, 6.85, 44.50, 134.44, 245.29, 90.79, 87.53, 10.76, 30.68, 149.08, 14.04, 21.80, 2.7200, 267.77, 140.28, 232.60, 121.66, 104.95, 160.90, 
2022-12-19 01:15:01.930149, 6.85, 44.50, 134.44, 245.29, 90.79, 87.53, 10.76, 30.68, 149.08, 14.04, 21.80, 2.7200, 267.77, 140.28, 232.60, 121.66, 104.95, 160.90, 
2022-12-19 02:15:02.256592, 6.85, 44.50, 134.44, 245.29, 90.79, 87.53, 10.76, 30.68, 149.08, 14.04, 21.80, 2.7200, 267.77, 140.28, 232.60, 121.66, 104.95, 160.90, 
2022-12-19 03:15:02.235503, 6.85, 44.50, 134.44, 245.29, 90.79, 87.53, 10.76, 30.68, 149.08, 14.04, 21.80, 2.7200, 267.77, 140.28, 232.60, 121.66, 104.95, 160.90, 
2022-12-19 04:15:01.419333, 6.85, 44.50, 134.44, 245.29, 90.79, 87.53, 10.76, 30.68, 149.08, 14.04, 21.80, 2.7200, 267.77, 140.28, 232.60, 121.66, 104.95, 160.90, 
2022-12-19 05:15:01.481514, 6.85, 44.50, 134.44, 245.29, 90.79, 87.53, 10.76, 30.68, 149.08, 14.04, 21.80, 2.7200, 267.77, 140.28, 232.60, 121.66, 104.95, 160.90, 
2022-12-19 06:15:02.022859, 6.85, 44.50, 134.44, 245.29, 90.79, 87.53, 10.76, 30.68, 149.08, 14.04, 21.80, 2.7200, 267.77, 140.28, 232.60, 121.66, 104.95, 160.90, 
2022-12-19 07:15:02.007086, 6.85, 44.50, 134.44, 245.29, 90.79, 87.53, 10.76, 30.68, 149.08, 14.04, 21.80, 2.7200, 267.77, 140.28, 232.60, 121.66, 104.95, 160.90, 
2022-12-19 08:15:01.725573, 6.85, 44.50, 134.44, 245.29, 90.79, 87.53, 10.76, 30.68, 149.08, 14.04, 21.80, 2.7200, 267.77, 140.28, 232.60, 121.66, 104.95, 160.90, 
2022-12-19 09:15:01.552120, 6.85, 44.50, 135.35, 245.81, 91.26, 88.09, 10.76, 30.68, 156.32, 14.06, 21.80, 2.7200, 266.90, 140.47, 230.66, 122.00, 105.60, 160.42, 
2022-12-19 10:15:01.271134, 6.85, 44.50, 135.40, 245.58, 90.99, 88.13, 10.43, 30.68, 157.25, 14.12, 21.80, 2.5800, 268.36, 140.44, 232.71, 122.01, 105.39, 160.90, 
2022-12-19 11:15:01.284588, 6.68, 44.50, 135.59, 246.29, 91.09, 88.30, 10.43, 30.68, 157.28, 14.18, 21.80, 2.5800, 268.36, 140.53, 233.16, 122.02, 105.69, 160.99, 
2022-12-19 12:15:02.041291, 6.68, 44.50, 135.36, 245.90, 91.25, 88.28, 10.43, 30.68, 154.86, 14.14, 21.80, 2.7600, 266.75, 140.53, 232.67, 121.81, 105.55, 160.64, 
2022-12-19 13:15:02.268497, 6.85, 44.50, 135.21, 245.90, 91.15, 88.15, 10.25, 30.68, 153.73, 14.11, 21.81, 2.8400, 267.00, 140.79, 232.72, 121.69, 105.58, 160.75, 
2022-12-19 14:15:02.157454, 6.80, 45.00, 134.81, 245.32, 90.98, 87.94, 10.27, 30.68, 154.55, 14.11, 22.00, 2.6700, 267.41, 140.08, 233.63, 121.89, 105.89, 161.15, 
2022-12-19 15:15:01.969189, 6.46, 44.06, 132.52, 241.46, 90.31, 86.42, 10.09, 31.08, 151.42, 13.54, 21.02, 2.5950, 268.03, 139.57, 235.57, 123.24, 105.56, 161.20, 
2022-12-19 16:15:01.528552, 6.25, 43.93, 131.76, 240.26, 90.39, 85.10, 10.04, 31.05, 147.74, 13.07, 20.99, 2.5050, 268.56, 138.33, 234.22, 122.93, 105.32, 161.09, 
2022-12-19 17:15:01.976771, 6.25, 43.89, 132.83, 241.06, 89.91, 85.34, 10.13, 31.00, 147.46, 13.14, 20.88, 2.4450, 265.97, 138.12, 234.83, 122.95, 105.50, 160.82, 
2022-12-19 18:15:01.902030, 6.30, 43.74, 132.77, 240.54, 89.90, 85.74, 10.04, 30.86, 152.91, 13.24, 20.68, 2.4350, 266.65, 137.84, 233.79, 122.59, 105.23, 161.14, 
2022-12-19 19:15:02.083405, 6.29, 43.62, 132.34, 239.19, 89.33, 85.11, 9.93, 30.94, 150.06, 13.01, 20.62, 2.4150, 265.20, 137.70, 232.40, 122.19, 104.83, 160.36, 
2022-12-19 20:15:01.535121, 6.25, 43.25, 131.70, 239.34, 89.24, 84.64, 9.90, 30.86, 149.89, 12.83, 20.42, 2.4150, 264.23, 137.57, 231.31, 121.55, 104.52, 160.28, 
2022-12-19 21:15:02.136306, 6.50, 43.18, 132.31, 240.45, 89.15, 85.04, 9.92, 30.99, 149.90, 12.98, 20.45, 2.4015, 265.70, 138.87, 232.29, 122.12, 105.17, 161.49, 
2022-12-19 22:15:01.275186, 6.39, 43.90, 132.07, 240.30, 89.08, 84.88, 10.15, 30.99, 149.89, 12.95, 20.43, 2.4600, 263.50, 138.62, 232.00, 121.91, 105.10, 161.49, 
2022-12-19 23:15:01.376659, 6.30, 43.90, 132.29, 240.50, 89.13, 85.07, 10.31, 30.99, 150.10, 12.95, 20.15, 2.4200, 272.06, 138.56, 232.02, 122.48, 104.95, 161.25, 
2022-12-20 00:15:01.522611, 6.39, 43.01, 132.48, 241.40, 89.35, 85.06, 10.31, 30.99, 150.22, 12.95, 20.41, 2.4200, 266.27, 139.00, 232.70, 122.30, 105.29, 161.74, 
2022-12-20 01:15:01.728602, 6.34, 43.01, 132.58, 241.43, 89.33, 85.11, 10.25, 30.99, 150.60, 12.95, 20.45, 2.4400, 261.59, 139.25, 234.15, 122.68, 105.22, 161.74, 
2022-12-20 02:15:02.161019, 6.34, 43.01, 132.58, 241.43, 89.29, 85.11, 10.25, 30.99, 150.60, 12.95, 20.45, 2.4400, 261.59, 139.25, 234.15, 122.68, 105.22, 161.74, 
2022-12-20 03:15:01.569026, 6.34, 43.01, 132.58, 241.43, 89.29, 85.11, 10.25, 30.99, 150.60, 12.95, 20.45, 2.4400, 261.59, 139.25, 234.15, 122.68, 105.22, 161.74, 
2022-12-20 04:15:01.771113, 6.34, 43.01, 132.58, 241.43, 89.29, 85.11, 10.25, 30.99, 150.60, 12.95, 20.45, 2.4400, 261.59, 139.25, 234.15, 122.68, 105.22, 161.74, 
2022-12-20 05:15:01.316469, 6.34, 43.01, 132.58, 241.43, 89.29, 85.11, 10.25, 30.99, 150.60, 12.95, 20.45, 2.4400, 261.59, 139.25, 234.15, 122.68, 105.22, 161.74, 
2022-12-20 06:15:02.115119, 6.34, 43.01, 132.58, 241.43, 89.29, 85.11, 10.25, 30.99, 150.60, 12.95, 20.45, 2.4400, 261.59, 139.25, 234.15, 122.68, 105.22, 161.74, 
2022-12-20 07:15:01.565470, 6.34, 43.01, 132.58, 241.43, 89.29, 85.11, 10.25, 30.99, 150.60, 12.95, 20.45, 2.4400, 261.59, 139.25, 234.15, 122.68, 105.22, 161.74, 
2022-12-20 08:15:02.203735, 6.34, 43.01, 132.58, 241.43, 89.29, 85.11, 10.25, 30.99, 150.60, 12.95, 20.45, 2.4400, 261.59, 139.25, 234.15, 122.68, 105.22, 161.74, 
2022-12-20 09:15:01.782822, 6.34, 43.01, 132.08, 239.59, 88.80, 84.83, 10.25, 30.99, 149.20, 12.91, 20.45, 2.4400, 261.59, 138.65, 231.19, 124.13, 105.40, 161.49, 
2022-12-20 10:15:02.209512, 6.34, 43.01, 131.98, 239.70, 88.73, 84.91, 10.25, 30.99, 149.57, 12.99, 20.45, 2.4400, 265.70, 138.49, 231.20, 122.60, 105.34, 161.50, 
2022-12-20 11:15:01.447046, 6.34, 43.01, 132.32, 240.04, 88.88, 84.65, 10.25, 30.99, 149.86, 12.97, 20.45, 2.4400, 265.70, 138.44, 231.22, 122.33, 105.40, 161.72, 
2022-12-20 12:15:02.038638, 6.44, 43.18, 132.17, 239.79, 88.85, 85.48, 9.92, 30.99, 150.60, 13.00, 20.75, 2.4400, 265.51, 138.70, 231.74, 122.00, 105.39, 161.50, 
2022-12-20 13:15:01.759393, 6.62, 43.17, 131.80, 239.00, 88.68, 84.93, 9.95, 30.99, 149.67, 12.76, 20.06, 2.4400, 266.32, 138.46, 232.29, 122.63, 105.55, 162.36, 
2022-12-20 14:15:01.526980, 6.00, 43.17, 131.64, 238.70, 89.15, 85.04, 10.00, 30.99, 146.44, 12.76, 20.64, 2.4100, 265.70, 138.28, 232.50, 121.90, 105.30, 161.29, 
2022-12-20 15:15:02.218318, 7.01, 42.58, 131.79, 240.34, 88.88, 85.69, 9.85, 31.17, 146.30, 13.15, 20.75, 2.3750, 265.29, 139.85, 234.15, 122.00, 106.69, 161.45, 
2022-12-20 16:15:01.295235, 7.12, 42.47, 131.85, 241.34, 88.90, 85.16, 9.84, 31.35, 142.84, 12.97, 20.97, 2.3500, 263.87, 140.07, 234.21, 121.54, 107.19, 161.01, 
2022-12-20 17:15:01.316828, 6.97, 42.21, 132.26, 241.74, 89.12, 85.38, 9.85, 31.27, 142.91, 13.01, 21.13, 2.3527, 264.54, 140.24, 234.41, 121.36, 106.72, 160.82, 
2022-12-20 18:15:02.153034, 6.93, 42.12, 131.96, 241.38, 89.14, 85.29, 9.85, 31.25, 141.10, 12.83, 20.89, 2.3250, 264.98, 140.67, 234.92, 121.61, 106.95, 161.12, 
2022-12-20 19:15:01.422524, 6.96, 42.06, 131.99, 242.66, 89.72, 85.67, 9.84, 31.47, 141.66, 12.84, 20.62, 2.3450, 265.46, 140.94, 235.58, 121.46, 107.09, 160.62, 
2022-12-20 20:15:02.029123, 6.96, 41.59, 131.83, 241.80, 89.27, 85.18, 9.72, 31.39, 140.21, 12.75, 20.45, 2.3250, 264.77, 140.90, 235.08, 121.58, 106.66, 160.31, 
2022-12-20 21:15:01.994498, 6.85, 41.35, 132.36, 242.20, 89.74, 85.19, 9.80, 31.33, 137.96, 12.80, 20.73, 2.3200, 264.75, 141.28, 235.14, 122.70, 106.69, 160.58, 
2022-12-20 22:15:02.220421, 6.85, 41.35, 132.60, 242.10, 89.86, 85.70, 9.85, 31.33, 137.82, 12.78, 20.73, 2.3500, 264.75, 141.00, 235.89, 120.83, 106.94, 160.80, 
2022-12-20 23:15:01.646466, 6.81, 41.30, 132.82, 242.70, 89.90, 85.85, 9.85, 31.33, 139.05, 12.81, 20.87, 2.3000, 268.00, 141.70, 236.00, 120.90, 106.68, 160.54, 
2022-12-21 00:15:02.081910, 6.81, 41.30, 132.96, 242.76, 90.19, 86.03, 9.85, 31.33, 139.45, 12.85, 20.87, 2.3100, 265.51, 141.50, 235.85, 120.84, 106.75, 160.21, 
2022-12-21 01:15:01.879012, 7.05, 41.20, 133.04, 242.84, 90.35, 86.00, 9.85, 31.33, 139.07, 12.94, 20.89, 2.3400, 265.49, 141.68, 235.85, 120.95, 107.01, 161.12, 
2022-12-21 02:15:01.460366, 7.05, 41.20, 133.04, 242.84, 90.35, 86.00, 9.85, 30.08, 139.07, 12.94, 20.87, 2.3400, 265.49, 141.68, 235.85, 121.00, 107.01, 161.12, 
2022-12-21 03:15:01.513021, 7.05, 41.20, 133.04, 242.84, 90.35, 86.00, 9.85, 30.08, 139.07, 12.94, 20.87, 2.3400, 265.49, 141.68, 235.85, 121.00, 107.01, 161.12, 
2022-12-21 04:15:01.418437, 7.05, 41.20, 133.04, 242.84, 90.35, 86.00, 9.85, 30.08, 139.07, 12.94, 20.87, 2.3400, 265.49, 141.68, 235.85, 121.00, 107.01, 161.12, 
2022-12-21 05:15:01.944722, 7.05, 41.20, 133.04, 242.84, 90.35, 86.00, 9.85, 30.08, 139.07, 12.94, 20.87, 2.3400, 265.49, 141.68, 235.85, 121.00, 107.01, 161.12, 
2022-12-21 06:15:01.292981, 7.05, 41.20, 133.04, 242.84, 90.35, 86.00, 9.85, 30.08, 139.07, 12.94, 20.87, 2.3400, 265.49, 141.68, 235.85, 121.00, 107.01, 161.12, 
2022-12-21 07:15:01.337576, 7.05, 41.20, 133.04, 242.84, 90.35, 86.00, 9.85, 30.08, 139.07, 12.94, 20.87, 2.3400, 265.49, 141.68, 235.85, 121.00, 107.01, 161.12, 
2022-12-21 08:15:02.170979, 7.05, 41.20, 133.04, 242.84, 90.35, 86.00, 9.85, 30.08, 139.07, 12.94, 20.87, 2.3400, 265.49, 141.68, 235.85, 121.00, 107.01, 161.12, 
2022-12-21 09:15:01.754412, 7.05, 41.20, 133.19, 243.00, 90.23, 86.19, 9.85, 31.33, 140.90, 12.94, 20.89, 2.3400, 265.49, 141.58, 235.90, 121.18, 106.21, 161.12, 
2022-12-21 10:15:01.587821, 7.05, 41.20, 133.29, 243.05, 89.95, 86.20, 9.85, 31.33, 141.15, 12.94, 20.89, 2.3400, 265.40, 141.54, 236.40, 121.60, 107.60, 161.12, 
2022-12-21 11:15:01.795499, 7.05, 41.20, 133.14, 242.58, 89.75, 86.14, 9.85, 31.33, 140.30, 12.95, 20.98, 2.3000, 266.46, 141.54, 235.75, 121.59, 107.40, 160.71, 
2022-12-21 12:15:02.203942, 7.05, 41.20, 132.63, 241.85, 89.44, 86.10, 9.85, 31.33, 138.72, 12.88, 20.98, 2.3200, 266.46, 141.88, 236.00, 121.41, 108.01, 160.61, 
2022-12-21 13:15:02.235774, 6.85, 41.28, 133.22, 242.99, 90.04, 86.53, 10.00, 31.33, 140.65, 12.96, 21.10, 2.3900, 264.75, 141.90, 237.35, 121.18, 108.50, 161.36, 
2022-12-21 14:15:02.195394, 6.86, 41.94, 132.98, 242.40, 89.72, 86.25, 10.00, 31.30, 139.30, 12.93, 20.80, 2.4600, 267.70, 142.00, 237.23, 121.55, 108.65, 161.02, 
2022-12-21 15:15:01.498374, 6.47, 41.90, 134.48, 243.30, 89.81, 86.40, 10.34, 31.62, 139.79, 13.05, 20.82, 2.3850, 264.87, 141.77, 238.01, 122.87, 107.62, 161.37, 
2022-12-21 16:15:01.256517, 6.49, 42.10, 136.26, 244.92, 90.37, 86.90, 10.29, 31.81, 138.98, 13.05, 20.76, 2.3850, 266.25, 142.59, 239.70, 123.49, 108.26, 162.47, 
2022-12-21 17:15:01.448417, 6.59, 41.83, 135.41, 243.92, 90.28, 86.59, 10.18, 31.72, 136.89, 13.00, 20.99, 2.4050, 266.72, 142.05, 239.79, 122.75, 107.98, 161.65, 
2022-12-21 18:15:01.846111, 6.54, 42.04, 135.86, 245.33, 90.60, 86.85, 10.11, 31.67, 139.10, 13.04, 21.02, 2.4350, 266.53, 142.23, 240.03, 122.88, 108.08, 161.92, 
2022-12-21 19:15:01.800633, 6.60, 42.07, 135.94, 245.31, 90.80, 87.15, 10.14, 31.71, 140.35, 13.22, 21.49, 2.4150, 267.12, 143.06, 241.36, 123.32, 108.47, 162.10, 
2022-12-21 20:15:01.853493, 6.63, 41.88, 135.50, 244.56, 90.61, 86.98, 10.15, 31.67, 138.48, 13.14, 21.41, 2.4000, 266.15, 142.65, 241.67, 123.17, 108.29, 161.88, 
2022-12-21 21:15:01.465207, 6.58, 41.72, 135.63, 244.52, 90.37, 86.89, 10.14, 31.56, 137.71, 13.08, 21.70, 2.3800, 266.26, 142.30, 241.98, 123.59, 108.06, 162.21, 
2022-12-21 22:15:01.844299, 7.00, 41.72, 135.59, 244.63, 90.32, 86.83, 10.14, 31.56, 137.77, 13.10, 21.62, 2.3800, 266.26, 142.14, 241.90, 123.92, 108.19, 162.21, 
2022-12-21 23:15:02.069993, 7.00, 41.72, 135.61, 244.63, 90.39, 86.80, 10.00, 31.56, 138.25, 13.06, 21.63, 2.3800, 272.60, 142.30, 241.86, 123.84, 108.06, 161.78, 
2022-12-22 00:15:01.354026, 7.00, 41.46, 135.60, 244.43, 90.47, 86.79, 10.00, 31.56, 138.33, 13.11, 21.62, 2.3800, 268.11, 142.20, 241.99, 123.47, 108.35, 162.23, 
2022-12-22 01:15:01.970199, 6.70, 41.46, 135.68, 244.45, 90.50, 86.80, 10.00, 31.56, 138.37, 13.20, 21.63, 2.3800, 268.00, 142.21, 241.90, 123.92, 108.27, 162.61, 
2022-12-22 02:15:01.415653, 6.67, 41.46, 135.68, 244.45, 90.50, 86.80, 10.00, 31.56, 138.37, 13.20, 21.63, 2.3800, 268.00, 142.21, 241.90, 123.92, 108.27, 162.61, 
2022-12-22 03:15:01.448438, 6.67, 41.46, 135.68, 244.45, 90.50, 86.80, 10.00, 31.56, 138.37, 13.20, 21.63, 2.3800, 268.00, 142.21, 241.90, 123.92, 108.27, 162.61, 
2022-12-22 04:15:01.405152, 6.67, 41.46, 135.68, 244.45, 90.50, 86.80, 10.00, 31.56, 138.37, 13.20, 21.63, 2.3800, 268.00, 142.21, 241.90, 123.92, 108.27, 162.61, 
2022-12-22 05:15:01.588164, 6.67, 41.46, 135.68, 244.45, 90.50, 86.80, 10.00, 31.56, 138.37, 13.20, 21.63, 2.3800, 268.00, 142.21, 241.90, 123.92, 108.27, 162.61, 
2022-12-22 06:15:01.880950, 6.67, 41.46, 135.68, 244.45, 90.50, 86.80, 10.00, 31.56, 138.37, 13.20, 21.63, 2.3800, 268.00, 142.21, 241.90, 123.92, 108.27, 162.61, 
2022-12-22 07:15:01.319943, 6.67, 41.46, 135.68, 244.45, 90.50, 86.80, 10.00, 31.56, 138.37, 13.20, 21.63, 2.3800, 268.00, 142.21, 241.90, 123.92, 108.27, 162.61, 
2022-12-22 08:15:01.738056, 6.67, 41.46, 135.68, 244.45, 90.50, 86.80, 10.00, 31.56, 138.37, 13.20, 21.63, 2.3800, 268.00, 142.21, 241.90, 123.92, 108.27, 162.61, 
2022-12-22 09:15:01.642573, 6.70, 41.46, 135.80, 245.00, 90.50, 87.09, 10.00, 31.56, 139.31, 13.16, 21.63, 2.3800, 268.00, 142.33, 241.73, 124.00, 108.27, 165.81, 
2022-12-22 10:15:01.573669, 6.70, 41.46, 135.40, 244.45, 90.40, 86.92, 10.00, 31.56, 138.37, 13.10, 21.63, 2.3800, 267.00, 142.31, 241.95, 123.96, 108.60, 162.27, 
2022-12-22 11:15:01.836809, 6.70, 41.46, 135.21, 244.06, 90.34, 86.81, 10.00, 31.56, 138.27, 13.13, 21.63, 2.3800, 267.00, 142.04, 242.18, 123.40, 108.80, 162.23, 
2022-12-22 12:15:02.061678, 6.70, 41.46, 135.23, 244.05, 90.29, 86.60, 10.00, 31.56, 138.45, 13.07, 21.63, 2.3800, 267.00, 142.43, 241.75, 123.30, 108.60, 161.66, 
2022-12-22 13:15:02.032671, 6.70, 41.20, 134.87, 243.37, 90.03, 86.34, 10.00, 31.56, 137.70, 13.05, 21.70, 2.2500, 266.26, 141.97, 241.25, 123.69, 108.55, 162.50, 
2022-12-22 14:15:01.369515, 6.67, 41.21, 134.10, 240.44, 88.95, 85.52, 10.25, 31.56, 136.14, 12.85, 21.36, 2.3215, 266.50, 141.06, 240.43, 122.70, 108.00, 161.82, 
2022-12-22 15:15:01.782236, 6.59, 40.85, 132.44, 237.51, 88.11, 84.55, 9.88, 31.08, 132.16, 12.41, 21.20, 2.2750, 263.95, 139.46, 236.50, 120.92, 106.48, 162.67, 
2022-12-22 16:15:01.637776, 6.70, 41.03, 131.69, 236.21, 87.98, 83.95, 9.80, 31.11, 128.43, 12.13, 20.96, 2.2199, 265.08, 139.60, 236.60, 120.84, 106.07, 162.51, 
2022-12-22 17:15:02.141637, 6.65, 40.94, 131.51, 236.07, 87.84, 83.20, 9.82, 31.10, 126.06, 12.15, 20.66, 2.1750, 265.19, 140.12, 235.55, 120.59, 105.51, 162.49, 
2022-12-22 18:15:01.250065, 6.68, 40.90, 130.81, 235.02, 87.29, 82.47, 9.79, 30.94, 124.24, 12.14, 20.33, 2.1450, 263.59, 139.02, 234.48, 119.95, 104.62, 162.04, 
2022-12-22 19:15:01.457174, 6.77, 40.83, 131.26, 235.95, 87.41, 82.72, 9.97, 30.93, 126.29, 12.36, 20.74, 2.1950, 263.83, 139.52, 233.88, 119.84, 104.34, 162.07, 
2022-12-22 20:15:01.580662, 6.90, 41.09, 131.18, 236.63, 87.86, 82.95, 10.10, 31.15, 124.93, 12.41, 20.90, 2.1800, 264.53, 139.91, 236.12, 120.52, 105.69, 162.54, 
2022-12-22 21:15:02.134991, 7.02, 41.26, 132.03, 237.46, 88.00, 83.69, 9.90, 31.18, 125.08, 12.57, 20.99, 2.2400, 265.26, 140.88, 237.54, 121.59, 106.14, 163.27, 
2022-12-22 22:15:02.083640, 7.02, 41.29, 132.07, 237.74, 88.22, 83.63, 10.49, 31.20, 124.97, 12.55, 20.99, 2.2250, 265.25, 140.47, 237.49, 121.50, 105.92, 162.42, 
2022-12-22 23:15:01.684317, 7.11, 41.30, 132.11, 238.10, 88.34, 83.62, 10.49, 31.20, 127.79, 12.48, 21.35, 2.2250, 265.26, 140.56, 237.40, 121.59, 106.04, 163.38, 
2022-12-23 00:15:02.236442, 7.11, 41.30, 131.78, 237.70, 88.21, 83.46, 10.49, 31.20, 128.42, 12.54, 21.35, 2.2000, 264.60, 140.95, 236.50, 121.15, 106.04, 163.25, 
2022-12-23 01:15:01.808193, 7.11, 41.30, 131.31, 236.77, 88.02, 83.30, 10.49, 31.20, 126.75, 12.53, 21.39, 2.2000, 265.00, 140.88, 236.90, 120.90, 105.75, 163.25, 
2022-12-23 02:15:02.061130, 7.11, 41.30, 131.31, 236.77, 88.02, 83.30, 10.49, 31.20, 126.75, 12.53, 21.39, 2.2000, 265.00, 140.88, 236.90, 120.90, 105.75, 163.25, 
2022-12-23 03:15:02.113445, 7.11, 41.30, 131.31, 236.77, 88.02, 83.30, 10.49, 31.20, 126.75, 12.53, 21.39, 2.2000, 265.00, 140.88, 236.90, 120.90, 105.75, 163.25, 
2022-12-23 04:15:02.029456, 7.11, 41.30, 131.31, 236.77, 88.02, 83.30, 10.49, 31.20, 126.75, 12.53, 21.39, 2.2000, 265.00, 140.88, 236.90, 120.90, 105.75, 163.25, 
2022-12-23 05:15:01.452025, 7.11, 41.30, 131.31, 236.77, 88.02, 83.30, 10.49, 31.20, 126.75, 12.53, 21.39, 2.2000, 265.00, 140.88, 236.90, 120.90, 105.75, 163.25, 
2022-12-23 06:15:01.508937, 7.11, 41.30, 131.31, 236.77, 88.02, 83.30, 10.49, 31.20, 126.75, 12.53, 21.39, 2.2000, 265.00, 140.88, 236.90, 120.90, 105.75, 163.25, 
2022-12-23 07:15:01.874596, 7.11, 41.30, 131.31, 236.77, 88.02, 83.30, 10.49, 31.20, 126.75, 12.53, 21.39, 2.2000, 265.00, 140.88, 236.90, 120.90, 105.75, 163.25, 
2022-12-23 08:15:02.196515, 7.11, 41.30, 131.31, 236.77, 88.02, 83.30, 10.49, 31.20, 126.75, 12.53, 21.39, 2.2000, 265.00, 140.88, 236.90, 120.90, 105.75, 163.25, 
2022-12-23 09:15:01.745633, 7.11, 41.30, 131.74, 238.00, 88.45, 83.65, 10.49, 31.20, 127.27, 12.61, 21.39, 2.2000, 265.00, 140.53, 236.36, 121.35, 106.95, 163.00, 
2022-12-23 10:15:01.973044, 7.11, 41.30, 131.95, 237.82, 88.16, 83.80, 10.49, 31.20, 126.47, 12.61, 20.66, 2.2000, 265.00, 140.76, 236.41, 121.50, 106.68, 163.70, 
2022-12-23 11:15:01.925158, 7.11, 41.30, 132.59, 239.30, 88.67, 84.03, 10.49, 31.20, 127.57, 12.72, 21.25, 2.2000, 265.63, 141.04, 237.85, 121.60, 106.65, 163.30, 
2022-12-23 12:15:01.304141, 7.24, 41.19, 132.10, 238.31, 88.40, 83.91, 10.49, 31.20, 126.53, 12.65, 21.01, 2.2000, 266.06, 140.84, 237.99, 121.56, 106.63, 163.50, 
2022-12-23 13:15:01.282025, 7.01, 41.26, 132.18, 239.21, 88.61, 84.00, 10.49, 31.20, 126.57, 12.61, 21.15, 2.2985, 265.26, 140.78, 238.40, 121.75, 106.70, 163.27, 
2022-12-23 14:15:01.884188, 7.01, 41.50, 131.86, 237.75, 88.08, 83.83, 9.99, 31.20, 126.44, 12.61, 21.16, 2.2900, 265.20, 141.68, 237.66, 122.00, 106.83, 163.00, 
2022-12-23 15:15:01.301466, 7.05, 40.98, 130.47, 235.29, 88.85, 83.65, 10.13, 31.18, 121.60, 12.33, 20.85, 2.2350, 264.50, 140.12, 238.05, 118.72, 107.95, 162.81, 
2022-12-23 16:15:01.298191, 7.04, 41.10, 130.78, 236.86, 89.07, 83.99, 10.27, 31.37, 123.53, 12.31, 20.69, 2.2450, 264.54, 140.65, 238.68, 119.34, 108.36, 163.23, 
2022-12-23 17:15:01.994729, 7.08, 41.23, 131.22, 237.86, 89.63, 84.43, 10.34, 31.68, 123.71, 12.34, 20.75, 2.1950, 264.57, 140.78, 239.71, 119.94, 108.11, 163.25, 
2022-12-23 18:15:02.076138, 7.01, 41.03, 130.92, 237.64, 89.70, 84.43, 10.31, 31.80, 123.66, 12.27, 20.47, 2.2150, 264.09, 140.97, 239.60, 120.28, 108.18, 163.09, 
2022-12-23 19:15:01.835827, 7.09, 41.01, 131.28, 237.65, 89.71, 84.80, 10.37, 31.70, 124.46, 12.32, 20.69, 2.2150, 263.68, 141.21, 239.66, 120.06, 108.06, 163.03, 
2022-12-23 20:15:01.572343, 7.10, 41.13, 131.59, 238.10, 89.87, 85.48, 10.36, 31.83, 123.94, 12.34, 20.65, 2.2500, 263.37, 141.60, 239.91, 120.29, 108.44, 163.07, 
2022-12-23 21:15:01.665045, 7.20, 41.42, 131.78, 238.43, 89.70, 85.13, 10.38, 31.87, 122.92, 12.35, 20.48, 2.2500, 263.92, 141.66, 239.87, 120.14, 108.69, 163.10, 
2022-12-23 22:15:01.409693, 7.20, 40.80, 131.71, 238.15, 89.61, 85.07, 10.38, 31.87, 122.94, 12.33, 20.41, 2.2500, 264.25, 141.95, 240.05, 120.14, 108.59, 163.28, 
2022-12-23 23:15:01.602270, 7.19, 41.50, 131.78, 238.40, 89.69, 85.09, 10.38, 31.87, 122.57, 12.31, 20.41, 2.1600, 265.00, 141.32, 240.20, 120.00, 108.69, 163.83, 
2022-12-24 00:15:01.729070, 7.09, 41.50, 131.74, 238.48, 89.70, 85.13, 10.38, 31.87, 122.25, 12.32, 20.50, 2.2800, 265.32, 141.64, 240.19, 120.14, 108.77, 163.45, 
2022-12-24 01:15:01.247558, 7.09, 41.50, 131.69, 238.30, 89.65, 85.06, 10.38, 31.87, 122.19, 12.30, 20.50, 2.2800, 265.32, 141.65, 239.15, 120.14, 108.80, 163.85, 
2022-12-24 02:15:01.796691, 7.09, 41.50, 131.69, 238.30, 89.65, 85.06, 10.38, 31.87, 122.19, 12.30, 20.50, 2.2800, 265.32, 141.65, 239.15, 120.14, 108.80, 163.85, 
2022-12-24 03:15:01.695646, 7.09, 41.50, 131.69, 238.30, 89.65, 85.06, 10.38, 31.87, 122.19, 12.30, 20.50, 2.2800, 265.32, 141.65, 239.15, 120.14, 108.80, 163.85, 
2022-12-24 04:15:01.984816, 7.09, 41.50, 131.69, 238.30, 89.65, 85.06, 10.38, 31.87, 122.19, 12.30, 20.50, 2.2800, 265.32, 141.65, 239.15, 120.14, 108.80, 163.85, 
2022-12-24 05:15:01.883048, 7.09, 41.50, 131.69, 238.30, 89.65, 85.06, 10.38, 31.87, 122.19, 12.30, 20.50, 2.2800, 265.32, 141.65, 239.15, 120.14, 108.80, 163.85, 
2022-12-24 06:15:02.174710, 7.09, 41.50, 131.69, 238.30, 89.65, 85.06, 10.38, 31.87, 122.19, 12.30, 20.50, 2.2800, 265.32, 141.65, 239.15, 120.14, 108.80, 163.85, 
2022-12-24 07:15:01.603803, 7.09, 41.50, 131.69, 238.30, 89.65, 85.06, 10.38, 31.87, 122.19, 12.30, 20.50, 2.2800, 265.32, 141.65, 239.15, 120.14, 108.80, 163.85, 
2022-12-24 08:15:01.961346, 7.09, 41.50, 131.69, 238.30, 89.65, 85.06, 10.38, 31.87, 122.19, 12.30, 20.50, 2.2800, 265.32, 141.65, 239.15, 120.14, 108.80, 163.85, 
2022-12-24 09:15:01.807697, 7.09, 41.50, 131.69, 238.30, 89.65, 85.06, 10.38, 31.87, 122.19, 12.30, 20.50, 2.2800, 265.32, 141.65, 239.15, 120.14, 108.80, 163.85, 
2022-12-24 10:15:01.982330, 7.09, 41.50, 131.69, 238.30, 89.65, 85.06, 10.38, 31.87, 122.19, 12.30, 20.50, 2.2800, 265.32, 141.65, 239.15, 120.14, 108.80, 163.85, 
2022-12-24 11:15:02.158235, 7.09, 41.50, 131.69, 238.30, 89.65, 85.06, 10.38, 31.87, 122.19, 12.30, 20.50, 2.2800, 265.32, 141.65, 239.15, 120.14, 108.80, 163.85, 
2022-12-24 12:15:01.865847, 7.09, 41.50, 131.69, 238.30, 89.65, 85.06, 10.38, 31.87, 122.19, 12.30, 20.50, 2.2800, 265.32, 141.65, 239.15, 120.14, 108.80, 163.85, 
2022-12-24 13:15:02.136610, 7.09, 41.50, 131.69, 238.30, 89.65, 85.06, 10.38, 31.87, 122.19, 12.30, 20.50, 2.2800, 265.32, 141.65, 239.15, 120.14, 108.80, 163.85, 
2022-12-24 14:15:02.086805, 7.09, 41.50, 131.69, 238.30, 89.65, 85.06, 10.38, 31.87, 122.19, 12.30, 20.50, 2.2800, 265.32, 141.65, 239.15, 120.14, 108.80, 163.85, 
2022-12-24 15:15:01.604512, 7.09, 41.50, 131.69, 238.30, 89.65, 85.06, 10.38, 31.87, 122.19, 12.30, 20.50, 2.2800, 265.32, 141.65, 239.15, 120.14, 108.80, 163.85, 
2022-12-24 16:15:01.593470, 7.09, 41.50, 131.69, 238.30, 89.65, 85.06, 10.38, 31.87, 122.19, 12.30, 20.50, 2.2800, 265.32, 141.65, 239.15, 120.14, 108.80, 163.85, 
2022-12-24 17:15:02.009936, 7.09, 41.50, 131.69, 238.30, 89.65, 85.06, 10.38, 31.87, 122.19, 12.30, 20.50, 2.2800, 265.32, 141.65, 239.15, 120.14, 108.80, 163.85, 
2022-12-24 18:15:02.049858, 7.09, 41.50, 131.69, 238.30, 89.65, 85.06, 10.38, 31.87, 122.19, 12.30, 20.50, 2.2800, 265.32, 141.65, 239.15, 120.14, 108.80, 163.85, 
2022-12-24 19:15:01.907313, 7.09, 41.50, 131.69, 238.30, 89.65, 85.06, 10.38, 31.87, 122.19, 12.30, 20.50, 2.2800, 265.32, 141.65, 239.15, 120.14, 108.80, 163.85, 
2022-12-24 20:15:01.733618, 7.09, 41.50, 131.69, 238.30, 89.65, 85.06, 10.38, 31.87, 122.19, 12.30, 20.50, 2.2800, 265.32, 141.65, 239.15, 120.14, 108.80, 163.85, 
2022-12-24 21:15:01.975767, 7.09, 41.50, 131.69, 238.30, 89.65, 85.06, 10.38, 31.87, 122.19, 12.30, 20.50, 2.2800, 265.32, 141.65, 239.15, 120.14, 108.80, 163.85, 
2022-12-24 22:15:01.515279, 7.09, 41.50, 131.69, 238.30, 89.65, 85.06, 10.38, 31.87, 122.19, 12.30, 20.50, 2.2800, 265.32, 141.65, 239.15, 120.14, 108.80, 163.85, 
2022-12-24 23:15:01.758572, 7.09, 41.50, 131.69, 238.30, 89.65, 85.06, 10.38, 31.87, 122.19, 12.30, 20.50, 2.2800, 265.32, 141.65, 239.15, 120.14, 108.80, 163.85, 
2022-12-25 00:15:01.597087, 7.09, 41.50, 131.69, 238.30, 89.65, 85.06, 10.38, 31.87, 122.19, 12.30, 20.50, 2.2800, 265.32, 141.65, 239.15, 120.14, 108.80, 163.85, 
2022-12-25 01:15:01.288746, 7.09, 41.50, 131.69, 238.30, 89.65, 85.06, 10.38, 31.87, 122.19, 12.30, 20.50, 2.2800, 265.32, 141.65, 239.15, 120.14, 108.80, 163.85, 
2022-12-25 02:15:01.411453, 7.09, 41.50, 131.69, 238.30, 89.65, 85.06, 10.38, 31.87, 122.19, 12.30, 20.50, 2.2800, 265.32, 141.65, 239.15, 120.14, 108.80, 163.85, 
2022-12-25 03:15:01.297875, 7.09, 41.50, 131.69, 238.30, 89.65, 85.06, 10.38, 31.87, 122.19, 12.30, 20.50, 2.2800, 265.32, 141.65, 239.15, 120.14, 108.80, 163.85, 
2022-12-25 04:15:02.002036, 7.09, 41.50, 131.69, 238.30, 89.65, 85.06, 10.38, 31.87, 122.19, 12.30, 20.50, 2.2800, 265.32, 141.65, 239.15, 120.14, 108.80, 163.85, 
2022-12-25 05:15:02.156772, 7.09, 41.50, 131.69, 238.30, 89.65, 85.06, 10.38, 31.87, 122.19, 12.30, 20.50, 2.2800, 265.32, 141.65, 239.15, 120.14, 108.80, 163.85, 
2022-12-25 06:15:01.937473, 7.09, 41.50, 131.69, 238.30, 89.65, 85.06, 10.38, 31.87, 122.19, 12.30, 20.50, 2.2800, 265.32, 141.65, 239.15, 120.14, 108.80, 163.85, 
2022-12-25 07:15:01.684248, 7.09, 41.50, 131.69, 238.30, 89.65, 85.06, 10.38, 31.87, 122.19, 12.30, 20.50, 2.2800, 265.32, 141.65, 239.15, 120.14, 108.80, 163.85, 
2022-12-25 08:15:01.894231, 7.09, 41.50, 131.69, 238.30, 89.65, 85.06, 10.38, 31.87, 122.19, 12.30, 20.50, 2.2800, 265.32, 141.65, 239.15, 120.14, 108.80, 163.85, 
2022-12-25 09:15:02.012696, 7.09, 41.50, 131.69, 238.30, 89.65, 85.06, 10.38, 31.87, 122.19, 12.30, 20.50, 2.2800, 265.32, 141.65, 239.15, 120.14, 108.80, 163.85, 
2022-12-25 10:15:01.374448, 7.09, 41.50, 131.69, 238.30, 89.65, 85.06, 10.38, 31.87, 122.19, 12.30, 20.50, 2.2800, 265.32, 141.65, 239.15, 120.14, 108.80, 163.85, 
2022-12-25 11:15:02.020805, 7.09, 41.50, 131.69, 238.30, 89.65, 85.06, 10.38, 31.87, 122.19, 12.30, 20.50, 2.2800, 265.32, 141.65, 239.15, 120.14, 108.80, 163.85, 
2022-12-25 12:15:01.995346, 7.09, 41.50, 131.69, 238.30, 89.65, 85.06, 10.38, 31.87, 122.19, 12.30, 20.50, 2.2800, 265.32, 141.65, 239.15, 120.14, 108.80, 163.85, 
2022-12-25 13:15:01.449359, 7.09, 41.50, 131.69, 238.30, 89.65, 85.06, 10.38, 31.87, 122.19, 12.30, 20.50, 2.2800, 265.32, 141.65, 239.15, 120.14, 108.80, 163.85, 
2022-12-25 14:15:02.220078, 7.09, 41.50, 131.69, 238.30, 89.65, 85.06, 10.38, 31.87, 122.19, 12.30, 20.50, 2.2800, 265.32, 141.65, 239.15, 120.14, 108.80, 163.85, 
2022-12-25 15:15:01.627645, 7.09, 41.50, 131.69, 238.30, 89.65, 85.06, 10.38, 31.87, 122.19, 12.30, 20.50, 2.2800, 265.32, 141.65, 239.15, 120.14, 108.80, 163.85, 
2022-12-25 16:15:02.171683, 7.09, 41.50, 131.69, 238.30, 89.65, 85.06, 10.38, 31.87, 122.19, 12.30, 20.50, 2.2800, 265.32, 141.65, 239.15, 120.14, 108.80, 163.85, 
2022-12-25 17:15:02.180722, 7.09, 41.50, 131.69, 238.30, 89.65, 85.06, 10.38, 31.87, 122.19, 12.30, 20.50, 2.2800, 265.32, 141.65, 239.15, 120.14, 108.80, 163.85, 
2022-12-25 18:15:01.383806, 7.09, 41.50, 131.69, 238.30, 89.65, 85.06, 10.38, 31.87, 122.19, 12.30, 20.50, 2.2800, 265.32, 141.65, 239.15, 120.14, 108.80, 163.85, 
2022-12-25 19:15:01.390820, 7.09, 41.50, 131.69, 238.30, 89.65, 85.06, 10.38, 31.87, 122.19, 12.30, 20.50, 2.2800, 265.32, 141.65, 239.15, 120.14, 108.80, 163.85, 
2022-12-25 20:15:01.517612, 7.09, 41.50, 131.69, 238.30, 89.65, 85.06, 10.38, 31.87, 122.19, 12.30, 20.50, 2.2800, 265.32, 141.65, 239.15, 120.14, 108.80, 163.85, 
2022-12-25 21:15:01.993761, 7.09, 41.50, 131.69, 238.30, 89.65, 85.06, 10.38, 31.87, 122.19, 12.30, 20.50, 2.2800, 265.32, 141.65, 239.15, 120.14, 108.80, 163.85, 
2022-12-25 22:15:01.654883, 7.09, 41.50, 131.69, 238.30, 89.65, 85.06, 10.38, 31.87, 122.19, 12.30, 20.50, 2.2800, 265.32, 141.65, 239.15, 120.14, 108.80, 163.85, 
2022-12-25 23:15:01.915803, 7.09, 41.50, 131.69, 238.30, 89.65, 85.06, 10.38, 31.87, 122.19, 12.30, 20.50, 2.2800, 265.32, 141.65, 239.15, 120.14, 108.80, 163.85, 
2022-12-26 00:15:01.612081, 7.09, 41.50, 131.69, 238.30, 89.65, 85.06, 10.38, 31.87, 122.19, 12.30, 20.50, 2.2800, 265.32, 141.65, 239.15, 120.14, 108.80, 163.85, 
2022-12-26 01:15:02.105744, 7.09, 41.50, 131.69, 238.30, 89.65, 85.06, 10.38, 31.87, 122.19, 12.30, 20.50, 2.2800, 265.32, 141.65, 239.15, 120.14, 108.80, 163.85, 
2022-12-26 02:15:01.953406, 7.09, 41.50, 131.69, 238.30, 89.65, 85.06, 10.38, 31.87, 122.19, 12.30, 20.50, 2.2800, 265.32, 141.65, 239.15, 120.14, 108.80, 163.85, 
2022-12-26 03:15:01.728890, 7.09, 41.50, 131.69, 238.30, 89.65, 85.06, 10.38, 31.87, 122.19, 12.30, 20.50, 2.2800, 265.32, 141.65, 239.15, 120.14, 108.80, 163.85, 
2022-12-26 04:15:01.838017, 7.09, 41.50, 131.69, 238.30, 89.65, 85.06, 10.38, 31.87, 122.19, 12.30, 20.50, 2.2800, 265.32, 141.65, 239.15, 120.14, 108.80, 163.85, 
2022-12-26 05:15:02.081462, 7.09, 41.50, 131.69, 238.30, 89.65, 85.06, 10.38, 31.87, 122.19, 12.30, 20.50, 2.2800, 265.32, 141.65, 239.15, 120.14, 108.80, 163.85, 
2022-12-26 06:15:01.527258, 7.09, 41.50, 131.69, 238.30, 89.65, 85.06, 10.38, 31.87, 122.19, 12.30, 20.50, 2.2800, 265.32, 141.65, 239.15, 120.14, 108.80, 163.85, 
2022-12-26 07:15:02.132887, 7.09, 41.50, 131.69, 238.30, 89.65, 85.06, 10.38, 31.87, 122.19, 12.30, 20.50, 2.2800, 265.32, 141.65, 239.15, 120.14, 108.80, 163.85, 
2022-12-26 08:15:01.497175, 7.09, 41.50, 131.69, 238.30, 89.65, 85.06, 10.38, 31.87, 122.19, 12.30, 20.50, 2.2800, 265.32, 141.65, 239.15, 120.14, 108.80, 163.85, 
2022-12-26 09:15:01.457701, 7.09, 41.50, 131.69, 238.30, 89.65, 85.06, 10.38, 31.87, 122.19, 12.30, 20.50, 2.2800, 265.32, 141.65, 239.15, 120.14, 108.80, 163.85, 
2022-12-26 10:15:01.641353, 7.09, 41.50, 131.69, 238.30, 89.65, 85.06, 10.38, 31.87, 122.19, 12.30, 20.50, 2.2800, 265.32, 141.65, 239.15, 120.14, 108.80, 163.85, 
2022-12-26 11:15:01.658661, 7.09, 41.50, 131.69, 238.30, 89.65, 85.06, 10.38, 31.87, 122.19, 12.30, 20.50, 2.2800, 265.32, 141.65, 239.15, 120.14, 108.80, 163.85, 
2022-12-26 12:15:01.733184, 7.09, 41.50, 131.69, 238.30, 89.65, 85.06, 10.38, 31.87, 122.19, 12.30, 20.50, 2.2800, 265.32, 141.65, 239.15, 120.14, 108.80, 163.85, 
2022-12-26 13:15:01.567729, 7.09, 41.50, 131.69, 238.30, 89.65, 85.06, 10.38, 31.87, 122.19, 12.30, 20.50, 2.2800, 265.32, 141.65, 239.15, 120.14, 108.80, 163.85, 
2022-12-26 14:15:02.176608, 7.09, 41.50, 131.69, 238.30, 89.65, 85.06, 10.38, 31.87, 122.19, 12.30, 20.50, 2.2800, 265.32, 141.65, 239.15, 120.14, 108.80, 163.85, 
2022-12-26 15:15:01.353996, 7.09, 41.50, 131.69, 238.30, 89.65, 85.06, 10.38, 31.87, 122.19, 12.30, 20.50, 2.2800, 265.32, 141.65, 239.15, 120.14, 108.80, 163.85, 
2022-12-26 16:15:01.749073, 7.09, 41.50, 131.69, 238.30, 89.65, 85.06, 10.38, 31.87, 122.19, 12.30, 20.50, 2.2800, 265.32, 141.65, 239.15, 120.14, 108.80, 163.85, 
2022-12-26 17:15:01.393688, 7.09, 41.50, 131.69, 238.30, 89.65, 85.06, 10.38, 31.87, 122.19, 12.30, 20.50, 2.2800, 265.32, 141.65, 239.15, 120.14, 108.80, 163.85, 
2022-12-26 18:15:01.457177, 7.09, 41.50, 131.69, 238.30, 89.65, 85.06, 10.38, 31.87, 122.19, 12.30, 20.50, 2.2800, 265.32, 141.65, 239.15, 120.14, 108.80, 163.85, 
2022-12-26 19:15:02.154901, 7.09, 41.50, 131.69, 238.30, 89.65, 85.06, 10.38, 31.87, 122.19, 12.30, 20.50, 2.2800, 265.32, 141.65, 239.15, 120.14, 108.80, 163.85, 
2022-12-26 20:15:02.037580, 7.09, 41.50, 131.69, 238.30, 89.65, 85.06, 10.38, 31.87, 122.19, 12.30, 20.50, 2.2800, 265.32, 141.65, 239.15, 120.14, 108.80, 163.85, 
2022-12-26 21:15:01.827360, 7.09, 41.50, 131.69, 238.30, 89.65, 85.06, 10.38, 31.87, 122.19, 12.30, 20.50, 2.2800, 265.32, 141.65, 239.15, 120.14, 108.80, 163.85, 
2022-12-26 22:15:01.472413, 7.09, 41.50, 131.69, 238.30, 89.65, 85.06, 10.38, 31.87, 122.19, 12.30, 20.50, 2.2800, 265.32, 141.65, 239.15, 120.14, 108.80, 163.85, 
2022-12-26 23:15:01.310051, 7.09, 41.50, 131.69, 238.30, 89.65, 85.06, 10.38, 31.87, 122.19, 12.30, 20.50, 2.2800, 265.32, 141.65, 239.15, 120.14, 108.80, 163.85, 
2022-12-27 00:15:01.493986, 7.09, 41.50, 131.69, 238.30, 89.65, 85.06, 10.38, 31.87, 122.19, 12.30, 20.50, 2.2800, 265.32, 141.65, 239.15, 120.14, 108.80, 163.85, 
2022-12-27 01:15:02.191921, 7.09, 41.50, 131.69, 238.30, 89.65, 85.06, 10.38, 31.87, 122.19, 12.30, 20.50, 2.2800, 265.32, 141.65, 239.15, 120.14, 108.80, 163.85, 
2022-12-27 02:15:02.194351, 7.09, 41.50, 131.69, 238.30, 89.65, 85.06, 10.38, 31.87, 122.19, 12.30, 20.50, 2.2800, 265.32, 141.65, 239.15, 120.14, 108.80, 163.85, 
2022-12-27 03:15:02.195089, 7.09, 41.50, 131.69, 238.30, 89.65, 85.06, 10.38, 31.87, 122.19, 12.30, 20.50, 2.2800, 265.32, 141.65, 239.15, 120.14, 108.80, 163.85, 
2022-12-27 04:15:01.432024, 7.09, 41.50, 131.69, 238.30, 89.65, 85.06, 10.38, 31.87, 122.19, 12.30, 20.50, 2.2800, 265.32, 141.65, 239.15, 120.14, 108.80, 163.85, 
2022-12-27 05:15:01.676025, 7.09, 41.50, 131.69, 238.30, 89.65, 85.06, 10.38, 31.87, 122.19, 12.30, 20.50, 2.2800, 265.32, 141.65, 239.15, 120.14, 108.80, 163.85, 
2022-12-27 06:15:02.104004, 7.09, 41.50, 131.69, 238.30, 89.65, 85.06, 10.38, 31.87, 122.19, 12.30, 20.50, 2.2800, 265.32, 141.65, 239.15, 120.14, 108.80, 163.85, 
2022-12-27 07:15:01.958779, 7.09, 41.50, 131.69, 238.30, 89.65, 85.06, 10.38, 31.87, 122.19, 12.30, 20.50, 2.2800, 265.32, 141.65, 239.15, 120.14, 108.80, 163.85, 
2022-12-27 08:15:01.322709, 7.09, 41.50, 131.69, 238.30, 89.65, 85.06, 10.38, 31.87, 122.19, 12.30, 20.50, 2.2800, 265.32, 141.65, 239.15, 120.14, 108.80, 163.85, 
2022-12-27 09:15:01.876335, 7.32, 41.50, 132.66, 239.91, 90.23, 85.93, 10.38, 31.87, 123.51, 12.48, 20.80, 2.2800, 264.21, 141.94, 240.51, 120.52, 109.09, 163.66, 
2022-12-27 10:15:02.003591, 7.32, 41.12, 132.78, 239.98, 90.42, 85.77, 10.38, 31.87, 121.69, 12.48, 20.80, 2.2800, 263.37, 142.00, 240.61, 120.96, 109.39, 163.67, 
2022-12-27 11:15:01.365135, 7.32, 41.12, 132.49, 239.75, 90.46, 85.73, 10.38, 31.87, 120.72, 12.56, 20.80, 2.2800, 264.79, 142.01, 241.90, 121.07, 109.77, 163.11, 
2022-12-27 12:15:01.917841, 7.32, 41.12, 132.09, 239.85, 90.20, 85.45, 10.38, 31.87, 116.92, 12.40, 20.80, 2.3200, 264.19, 141.76, 241.42, 120.53, 109.41, 163.69, 
2022-12-27 13:15:01.809077, 7.25, 41.42, 131.72, 239.74, 89.94, 85.28, 10.38, 31.60, 117.16, 12.40, 20.61, 2.2115, 263.92, 141.65, 241.00, 120.26, 109.45, 163.14, 
2022-12-27 14:15:01.887340, 7.25, 41.79, 131.34, 238.77, 89.54, 84.94, 10.44, 31.60, 116.70, 12.31, 20.68, 2.2815, 264.46, 142.08, 240.07, 120.44, 109.05, 163.35, 
2022-12-27 15:15:01.648622, 7.03, 41.35, 129.24, 237.04, 88.06, 83.79, 10.13, 31.92, 115.07, 11.77, 19.50, 2.1150, 263.41, 141.90, 242.54, 119.85, 109.55, 162.20, 
2022-12-27 16:15:01.831802, 7.15, 41.40, 129.34, 237.84, 88.65, 84.19, 10.31, 31.94, 112.66, 11.95, 19.36, 2.1350, 263.93, 142.24, 243.76, 120.15, 109.73, 162.32, 
2022-12-27 17:15:02.132157, 7.14, 41.45, 130.41, 238.28, 88.44, 84.40, 10.26, 31.88, 112.11, 12.01, 19.56, 2.1650, 264.19, 142.51, 244.66, 120.65, 109.68, 163.01, 
2022-12-27 18:15:02.165239, 7.07, 41.41, 130.26, 237.82, 88.14, 83.96, 10.26, 31.89, 113.08, 11.90, 19.52, 2.1400, 263.83, 142.53, 243.67, 120.68, 110.00, 163.13, 
2022-12-27 19:15:02.190307, 7.06, 40.98, 129.98, 236.89, 87.83, 83.54, 10.39, 31.63, 112.88, 11.84, 19.29, 2.1150, 263.90, 142.42, 243.28, 120.11, 110.01, 162.82, 
2022-12-27 20:15:01.255577, 7.04, 41.01, 130.23, 237.05, 87.93, 83.35, 10.34, 31.54, 111.79, 11.73, 19.17, 2.1100, 263.87, 142.34, 243.31, 120.33, 110.11, 162.78, 
2022-12-27 21:15:02.139985, 7.06, 40.63, 130.06, 237.04, 87.94, 83.06, 10.41, 31.50, 108.49, 11.71, 18.80, 2.0700, 263.62, 142.53, 243.14, 120.22, 110.19, 162.99, 
2022-12-27 22:15:02.168095, 7.06, 41.01, 130.00, 237.05, 87.80, 82.98, 10.41, 31.50, 107.47, 11.70, 18.86, 2.1300, 263.39, 142.34, 243.00, 120.40, 110.27, 162.54, 
2022-12-27 23:15:02.156887, 7.06, 41.01, 130.10, 237.66, 87.82, 83.09, 10.35, 31.50, 107.55, 11.68, 19.25, 2.0700, 263.39, 142.21, 243.20, 120.25, 110.20, 163.00, 
2022-12-28 00:15:02.234514, 7.06, 41.01, 130.00, 236.86, 87.88, 83.07, 10.35, 31.50, 107.21, 11.67, 19.23, 2.0500, 263.39, 142.30, 243.18, 120.25, 110.25, 162.87, 
2022-12-28 01:15:01.953019, 7.06, 41.01, 129.50, 236.60, 87.84, 82.78, 10.35, 31.50, 106.70, 11.67, 19.23, 2.1000, 263.39, 142.35, 243.14, 120.20, 110.19, 162.96, 
2022-12-28 02:15:01.288058, 7.06, 41.01, 129.50, 236.60, 87.84, 82.78, 10.35, 31.50, 106.70, 11.67, 19.23, 2.1000, 263.39, 142.35, 243.14, 120.20, 110.19, 162.96, 
